{
    "project": "DeepAudit",
    "timestamp": "2026-01-31T00:24:58.210096",
    "data": {
        "performance_metrics": {
            "threshold": 0.4,
            "FAR": 0.0,
            "FRR": 0.0,
            "HTER": 0.0,
            "EER": 0.0,
            "EER_threshold": 0.393939393939394,
            "genuine_count": 3,
            "impostor_count": 50,
            "genuine_min": 0.9123591089991623,
            "genuine_max": 0.9432593993788216,
            "genuine_mean": 0.9327690138284216,
            "impostor_min": 0.004989619485596464,
            "impostor_max": 0.3863129717968869,
            "impostor_mean": 0.2048502469454342
        }
    }
}